{"count":1,"self":52.845414399999996,"total":55.6323438,"children":{"InitializeActuators":{"count":30,"self":0.0010023999999999999,"total":0.0010023999999999999,"children":null},"InitializeSensors":{"count":30,"self":0.0039835999999999995,"total":0.0039835999999999995,"children":null},"AgentSendState":{"count":2496,"self":0.6673291,"total":0.8987098,"children":{"CollectObservations":{"count":7500,"self":0.096938699999999989,"total":0.096938699999999989,"children":null},"WriteActionMask":{"count":7500,"self":0.0055122999999999995,"total":0.0055122999999999995,"children":null},"RequestDecision":{"count":7500,"self":0.098009199999999991,"total":0.12892969999999998,"children":{"RayPerceptionSensor.Perceive":{"count":15000,"self":0.0309205,"total":0.0309205,"children":null}}}}},"DecideAction":{"count":2496,"self":0.054036799999999996,"total":0.054036799999999996,"children":null},"AgentAct":{"count":2496,"self":1.8281984,"total":1.8281983,"children":{"RayPerceptionSensor.Perceive":{"count":60,"self":0,"total":0,"children":null}}}},"gauges":{"PickupAgent.CumulativeReward":{"count":30,"max":0,"min":-5.97999525,"runningAverage":-2.88733125,"value":-5.75999546,"weightedAverage":-5.68611956}},"metadata":{"timer_format_version":"0.1.0","start_time_seconds":"1718466298","unity_version":"2022.3.14f1","command_line_arguments":"C:\\Program Files\\2022.3.14f1\\Editor\\Unity.exe -projectpath C:\/Users\/rasmu\/Documents\/PickPlaceML -useHub -hubIPC -cloudEnvironment production","communication_protocol_version":"1.5.0","com.unity.ml-agents_version":"3.0.0-exp.1","scene_name":"TrainingScene","end_time_seconds":"1718466354"}}